id,first_name,last_name,email,phone,gender,age,job_title,years_of_experience,salary,department,Full Name,designation,salary_usd
1,Jose,Lopez,joselopez0944@slingacademy.com,Invalid Number,male,25,Project Manager,1,8500,Product,Jose Lopez,System Engineer,101.8
2,Diane,Carter,dianecarter1228@slingacademy.com,881.633.0107,female,26,Machine Learning Engineer,2,7000,Product,Diane Carter,System Engineer,83.83
3,Shawn,Foster,shawnfoster2695@slingacademy.com,Invalid Number,male,37,Project Manager,14,17000,Product,Shawn Foster,Lead,203.59
4,Brenda,Fisher,brendafisher3185@slingacademy.com,001-574-564-4648,female,31,Web Developer,8,10000,Product,Brenda Fisher,Senior Data Engineer,119.76
5,Sean,Hunter,seanhunter4753@slingacademy.com,5838355842,male,35,Project Manager,11,14500,Product,Sean Hunter,Lead,173.65
6,Joshua,Jacobs,joshuajacobs5904@slingacademy.com,053-913-2609,male,28,Project Manager,3,10500,Product,Joshua Jacobs,Data Engineer,125.75
7,Brianna,Marshall,briannamarshall6438@slingacademy.com,701-932-8553,female,33,Machine Learning Engineer,10,11000,Product,Brianna Marshall,Senior Data Engineer,131.74
8,John,Tate,johntate7881@slingacademy.com,Invalid Number,male,33,Mobile Developer,10,11000,Product,John Tate,Senior Data Engineer,131.74
9,Jillian,Byrd,jillianbyrd8170@slingacademy.com,Invalid Number,female,34,Web Developer,10,11000,Product,Jillian Byrd,Senior Data Engineer,131.74
10,Melanie,Sharp,melaniesharp9256@slingacademy.com,(848)212-0230,female,41,Web Developer,15,14500,Product,Melanie Sharp,Lead,173.65
11,Brandy,Mckee,brandymckee10500@slingacademy.com,Invalid Number,female,37,Web Developer,14,14000,Product,Brandy Mckee,Lead,167.66
12,Robert,Simpson,robertsimpson11778@slingacademy.com,Invalid Number,male,36,DevOps Engineer,12,15000,Product,Robert Simpson,Lead,179.64
13,George,Mckenzie,georgemckenzie12384@slingacademy.com,(843)416-2489,male,28,Machine Learning Engineer,4,10000,Product,George Mckenzie,Data Engineer,119.76
14,Joseph,Smith,josephsmith13724@slingacademy.com,+1-380-230-4166,male,40,Machine Learning Engineer,14,14000,Product,Joseph Smith,Lead,167.66
15,Dana,Crawford,danacrawford14310@slingacademy.com,Invalid Number,female,32,Project Manager,8,12000,Product,Dana Crawford,Senior Data Engineer,143.71
16,Christopher,Benson,christopherbenson15937@slingacademy.com,Invalid Number,male,29,Web Developer,5,7500,Product,Christopher Benson,Data Engineer,89.82
17,Nicole,Smith,nicolesmith16360@slingacademy.com,Invalid Number,female,26,Designer,4,10000,Product,Nicole Smith,Data Engineer,119.76
18,Peter,Jimenez,peterjimenez17791@slingacademy.com,Invalid Number,male,28,Mobile Developer,3,6500,Product,Peter Jimenez,Data Engineer,77.84
19,Sergio,Boyle,sergioboyle18425@slingacademy.com,3027626274,male,31,Tester,6,9000,Product,Sergio Boyle,Senior Data Engineer,107.78
20,Brianna,Moss,briannamoss19517@slingacademy.com,Invalid Number,female,31,Designer,5,10500,Product,Brianna Moss,Data Engineer,125.75
21,Taylor,Garner,taylorgarner20196@slingacademy.com,Invalid Number,female,32,Machine Learning Engineer,6,11000,Product,Taylor Garner,Senior Data Engineer,131.74
22,Michael,Padilla,michaelpadilla21381@slingacademy.com,(787)446-1738,male,29,Tester,5,9500,Product,Michael Padilla,Data Engineer,113.77
23,Yvette,Walker,yvettewalker22744@slingacademy.com,154-489-0248,female,26,Designer,2,7000,Product,Yvette Walker,System Engineer,83.83
24,Kristina,Pena,kristinapena23750@slingacademy.com,Invalid Number,female,34,DevOps Engineer,11,12500,Product,Kristina Pena,Lead,149.7
25,Vanessa,Reynolds,vanessareynolds24710@slingacademy.com,Invalid Number,female,36,Machine Learning Engineer,10,13000,Product,Vanessa Reynolds,Senior Data Engineer,155.69
26,Robert,Suarez,robertsuarez25924@slingacademy.com,Invalid Number,male,33,Tester,9,9500,Product,Robert Suarez,Senior Data Engineer,113.77
27,Tammy,Ellis,tammyellis26570@slingacademy.com,Invalid Number,female,37,HR Manager,14,14000,Human Resource,Tammy Ellis,Lead,167.66
28,Rodney,Porter,rodneyporter27496@slingacademy.com,+1-508-187-4826,male,28,DevOps Engineer,3,9500,Product,Rodney Porter,Data Engineer,113.77
29,David,Reyes,davidreyes28592@slingacademy.com,Invalid Number,male,25,Designer,2,7000,Product,David Reyes,System Engineer,83.83
30,Brian,Kirby,briankirby29574@slingacademy.com,Invalid Number,male,31,Machine Learning Engineer,8,10000,Product,Brian Kirby,Senior Data Engineer,119.76
31,Tammy,Walker,tammywalker30386@slingacademy.com,Invalid Number,female,31,Web Developer,7,8500,Product,Tammy Walker,Senior Data Engineer,101.8
32,Angela,Stewart,angelastewart31951@slingacademy.com,745-157-5520,female,34,HR Manager,10,10000,Human Resource,Angela Stewart,Senior Data Engineer,119.76
33,Susan,Parker,susanparker32865@slingacademy.com,255.599.0102,female,25,DevOps Engineer,3,8500,Product,Susan Parker,Data Engineer,101.8
34,Robert,Hogan,roberthogan33599@slingacademy.com,1138662041,male,24,Tester,2,7000,Product,Robert Hogan,System Engineer,83.83
35,Dawn,Pham,dawnpham34908@slingacademy.com,Invalid Number,female,27,Designer,4,9000,Product,Dawn Pham,Data Engineer,107.78
36,Karen,Duke,karenduke35869@slingacademy.com,622.245.2756,female,29,DevOps Engineer,6,11000,Product,Karen Duke,Senior Data Engineer,131.74
37,Julian,Thompson,julianthompson36437@slingacademy.com,Invalid Number,male,28,Machine Learning Engineer,4,7000,Product,Julian Thompson,Data Engineer,83.83
38,Daisy,Perry,daisyperry37789@slingacademy.com,Invalid Number,female,30,Tester,5,9500,Product,Daisy Perry,Data Engineer,113.77
39,Sarah,Smith,sarahsmith38793@slingacademy.com,Invalid Number,female,24,Machine Learning Engineer,2,6000,Product,Sarah Smith,System Engineer,71.86
40,Eric,Randolph,ericrandolph39291@slingacademy.com,Invalid Number,male,29,Designer,5,8500,Product,Eric Randolph,Data Engineer,101.8
41,William,Keller,williamkeller40838@slingacademy.com,Invalid Number,male,30,Web Developer,4,8000,Product,William Keller,Data Engineer,95.81
42,George,Salas,georgesalas41217@slingacademy.com,Invalid Number,male,35,Web Developer,11,10500,Product,George Salas,Lead,125.75
43,Alyssa,Archer,alyssaarcher42600@slingacademy.com,Invalid Number,female,35,DevOps Engineer,13,15500,Product,Alyssa Archer,Lead,185.63
44,Daniel,Wagner,danielwagner43907@slingacademy.com,Invalid Number,male,35,HR Manager,11,12500,Human Resource,Daniel Wagner,Lead,149.7
45,David,Howard,davidhoward44518@slingacademy.com,(940)475-4836,male,33,Machine Learning Engineer,9,11500,Product,David Howard,Senior Data Engineer,137.72
46,Brett,Friedman,brettfriedman45236@slingacademy.com,Invalid Number,male,34,HR Manager,10,10000,Human Resource,Brett Friedman,Senior Data Engineer,119.76
47,Shaun,Harris,shaunharris46875@slingacademy.com,(279)621-2475,male,23,Designer,1,6500,Product,Shaun Harris,System Engineer,77.84
48,Jason,Morris,jasonmorris47229@slingacademy.com,Invalid Number,male,28,DevOps Engineer,5,9500,Product,Jason Morris,Data Engineer,113.77
49,Jesse,Mcdaniel,jessemcdaniel48348@slingacademy.com,Invalid Number,male,35,Mobile Developer,11,11500,Product,Jesse Mcdaniel,Lead,137.72
50,Jessica,Torres,jessicatorres49971@slingacademy.com,Invalid Number,female,33,HR Manager,7,9500,Human Resource,Jessica Torres,Senior Data Engineer,113.77
51,Bradley,Garcia,bradleygarcia50896@slingacademy.com,(267)794-5965,male,29,Designer,3,6500,Product,Bradley Garcia,Data Engineer,77.84
52,Christopher,Walker,christopherwalker51808@slingacademy.com,954.740.2159,male,25,Mobile Developer,1,5500,Product,Christopher Walker,System Engineer,65.87
53,Jason,Boyd,jasonboyd52182@slingacademy.com,Invalid Number,male,39,Designer,14,15000,Product,Jason Boyd,Lead,179.64
54,Colleen,Cooper,colleencooper53362@slingacademy.com,Invalid Number,female,32,Machine Learning Engineer,7,10500,Product,Colleen Cooper,Senior Data Engineer,125.75
55,Laurie,Robinson,laurierobinson54980@slingacademy.com,989.611.2546,female,38,Mobile Developer,15,13500,Product,Laurie Robinson,Lead,161.68
56,Tiffany,Novak,tiffanynovak55365@slingacademy.com,Invalid Number,female,35,Mobile Developer,12,12000,Product,Tiffany Novak,Lead,143.71
57,Sophia,Coleman,sophiacoleman56563@slingacademy.com,Invalid Number,female,40,Tester,15,13500,Product,Sophia Coleman,Lead,161.68
58,Jodi,Harris,jodiharris57145@slingacademy.com,001-466-805-0485,female,34,DevOps Engineer,9,13500,Product,Jodi Harris,Senior Data Engineer,161.68
59,Michael,Calhoun,michaelcalhoun58176@slingacademy.com,001-931-707-3027,male,23,Web Developer,1,7500,Product,Michael Calhoun,System Engineer,89.82
60,Aaron,Tran,aarontran59178@slingacademy.com,Invalid Number,male,40,DevOps Engineer,15,16500,Product,Aaron Tran,Lead,197.6
61,Karen,Aguirre,karenaguirre60547@slingacademy.com,Invalid Number,female,36,Web Developer,13,13500,Product,Karen Aguirre,Lead,161.68
62,Danielle,Morrison,daniellemorrison61394@slingacademy.com,Invalid Number,female,31,HR Manager,7,9500,Human Resource,Danielle Morrison,Senior Data Engineer,113.77
63,Amanda,Thomas,amandathomas62614@slingacademy.com,001-629-462-1944,female,28,Web Developer,6,9000,Product,Amanda Thomas,Senior Data Engineer,107.78
64,Sarah,Spencer,sarahspencer63772@slingacademy.com,(025)089-0360,female,36,Tester,14,14000,Product,Sarah Spencer,Lead,167.66
65,Jessica,Ho,jessicaho64531@slingacademy.com,251-289-1532,female,34,DevOps Engineer,10,12000,Product,Jessica Ho,Senior Data Engineer,143.71
66,Kristy,Rhodes,kristyrhodes65269@slingacademy.com,Invalid Number,female,40,Web Developer,15,13500,Product,Kristy Rhodes,Lead,161.68
67,Joseph,Hobbs,josephhobbs66797@slingacademy.com,Invalid Number,male,26,Mobile Developer,1,7500,Product,Joseph Hobbs,System Engineer,89.82
68,Allison,Matthews,allisonmatthews67756@slingacademy.com,(394)302-9258,female,35,Web Developer,12,12000,Product,Allison Matthews,Lead,143.71
69,James,Phillips,jamesphillips68522@slingacademy.com,(733)967-0336,male,40,Web Developer,15,14500,Product,James Phillips,Lead,173.65
70,Philip,Thomas,philipthomas69207@slingacademy.com,Invalid Number,male,38,DevOps Engineer,12,15000,Product,Philip Thomas,Lead,179.64
71,Dawn,Walker,dawnwalker70868@slingacademy.com,Invalid Number,female,31,Mobile Developer,6,10000,Product,Dawn Walker,Senior Data Engineer,119.76
72,Denise,Lopez,deniselopez71911@slingacademy.com,597.328.1460,female,31,Designer,5,9500,Product,Denise Lopez,Data Engineer,113.77
73,Gregory,House,gregoryhouse72945@slingacademy.com,1541376919,male,34,HR Manager,9,9500,Human Resource,Gregory House,Senior Data Engineer,113.77
74,Stacie,Diaz,staciediaz73929@slingacademy.com,Invalid Number,female,31,Machine Learning Engineer,6,11000,Product,Stacie Diaz,Senior Data Engineer,131.74
75,Barbara,Burns,barbaraburns74284@slingacademy.com,Invalid Number,female,33,Web Developer,11,10500,Product,Barbara Burns,Lead,125.75
76,Jessica,Cortez,jessicacortez75317@slingacademy.com,768.794.6062,female,39,Tester,14,12000,Product,Jessica Cortez,Lead,143.71
77,Daniel,Hernandez,danielhernandez76747@slingacademy.com,+1-653-006-3659,male,33,Tester,7,9500,Product,Daniel Hernandez,Senior Data Engineer,113.77
78,Eugene,Diaz,eugenediaz77610@slingacademy.com,Invalid Number,male,29,Machine Learning Engineer,3,9500,Product,Eugene Diaz,Data Engineer,113.77
79,Earl,Nelson,earlnelson78644@slingacademy.com,001-666-637-1061,male,34,Web Developer,11,12500,Product,Earl Nelson,Lead,149.7
80,Elizabeth,Jackson,elizabethjackson79562@slingacademy.com,Invalid Number,female,28,DevOps Engineer,3,8500,Product,Elizabeth Jackson,Data Engineer,101.8
81,John,Martinez,johnmartinez80595@slingacademy.com,001-116-711-6587,male,26,Web Developer,4,7000,Product,John Martinez,Data Engineer,83.83
82,Wesley,Shaw,wesleyshaw81546@slingacademy.com,0250878834,male,26,Mobile Developer,1,6500,Product,Wesley Shaw,System Engineer,77.84
83,Michael,Davila,michaeldavila82958@slingacademy.com,9179864827,male,40,DevOps Engineer,14,16000,Product,Michael Davila,Lead,191.62
84,Heidi,Hill,heidihill83123@slingacademy.com,Invalid Number,female,40,Tester,15,12500,Product,Heidi Hill,Lead,149.7
85,Yvonne,Bass,yvonnebass84513@slingacademy.com,Invalid Number,female,33,Tester,8,9000,Product,Yvonne Bass,Senior Data Engineer,107.78
86,Jamie,Jones,jamiejones85266@slingacademy.com,001-039-712-8015,female,24,Web Developer,1,6500,Product,Jamie Jones,System Engineer,77.84
87,Brady,Washington,bradywashington86649@slingacademy.com,Invalid Number,male,23,Designer,1,5500,Product,Brady Washington,System Engineer,65.87
88,Michael,Rivera,michaelrivera87962@slingacademy.com,243-399-1129,male,29,Web Developer,3,6500,Product,Michael Rivera,Data Engineer,77.84
89,Angela,Morales,angelamorales88595@slingacademy.com,Invalid Number,female,28,Web Developer,4,9000,Product,Angela Morales,Data Engineer,107.78
90,Larry,Moore,larrymoore89266@slingacademy.com,Invalid Number,male,28,Web Developer,5,7500,Product,Larry Moore,Data Engineer,89.82
91,Veronica,Oliver,veronicaoliver90922@slingacademy.com,Invalid Number,female,25,Tester,2,7000,Product,Veronica Oliver,System Engineer,83.83
92,Clayton,Smith,claytonsmith91214@slingacademy.com,8318062400,male,27,Mobile Developer,2,6000,Product,Clayton Smith,System Engineer,71.86
93,Tamara,Randall,tamararandall92432@slingacademy.com,Invalid Number,female,32,Mobile Developer,10,11000,Product,Tamara Randall,Senior Data Engineer,131.74
94,Amy,Vaughn,amyvaughn93722@slingacademy.com,Invalid Number,female,28,Designer,5,11500,Product,Amy Vaughn,Data Engineer,137.72
95,Larry,Chapman,larrychapman94932@slingacademy.com,001-539-747-0649,male,35,Designer,12,12000,Product,Larry Chapman,Lead,143.71
96,Eugene,Mcintyre,eugenemcintyre95994@slingacademy.com,481-160-8125,male,25,HR Manager,2,7000,Human Resource,Eugene Mcintyre,System Engineer,83.83
97,Patricia,Suarez,patriciasuarez96379@slingacademy.com,Invalid Number,female,41,Designer,15,16500,Product,Patricia Suarez,Lead,197.6
98,Melissa,Vasquez,melissavasquez97165@slingacademy.com,490-884-4764,female,35,DevOps Engineer,10,12000,Product,Melissa Vasquez,Senior Data Engineer,143.71
99,Stephanie,Hodges,stephaniehodges98715@slingacademy.com,Invalid Number,female,38,Web Developer,14,14000,Product,Stephanie Hodges,Lead,167.66
100,Brian,Watkins,brianwatkins99160@slingacademy.com,2648820032,male,32,Web Developer,10,11000,Product,Brian Watkins,Senior Data Engineer,131.74
101,Zachary,Ellis,zacharyellis100141@slingacademy.com,Invalid Number,male,34,Tester,12,12000,Product,Zachary Ellis,Lead,143.71
102,Mark,Maxwell,markmaxwell101603@slingacademy.com,137-430-7223,male,28,Tester,4,9000,Product,Mark Maxwell,Data Engineer,107.78
103,Jill,Farmer,jillfarmer102620@slingacademy.com,0571661198,female,26,DevOps Engineer,4,9000,Product,Jill Farmer,Data Engineer,107.78
104,Rhonda,Park,rhondapark103796@slingacademy.com,498-878-6219,female,35,DevOps Engineer,12,13000,Product,Rhonda Park,Lead,155.69
105,Jessica,Park,jessicapark104881@slingacademy.com,874-348-4705,female,26,HR Manager,1,5500,Human Resource,Jessica Park,System Engineer,65.87
106,Keith,Bender,keithbender105366@slingacademy.com,Invalid Number,male,35,Machine Learning Engineer,10,10000,Product,Keith Bender,Senior Data Engineer,119.76
107,Andrew,Silva,andrewsilva106948@slingacademy.com,3782883279,male,35,HR Manager,12,11000,Human Resource,Andrew Silva,Lead,131.74
108,John,Escobar,johnescobar107306@slingacademy.com,Invalid Number,male,34,Mobile Developer,8,10000,Product,John Escobar,Senior Data Engineer,119.76
109,Savannah,Woods,savannahwoods108924@slingacademy.com,Invalid Number,female,23,Web Developer,1,5500,Product,Savannah Woods,System Engineer,65.87
110,Cameron,Solis,cameronsolis109983@slingacademy.com,Invalid Number,male,36,Machine Learning Engineer,14,14000,Product,Cameron Solis,Lead,167.66
111,Patrick,Johnson,patrickjohnson110856@slingacademy.com,Invalid Number,male,36,Tester,12,13000,Product,Patrick Johnson,Lead,155.69
112,Nathan,Oconnor,nathanoconnor111395@slingacademy.com,Invalid Number,male,37,Mobile Developer,11,11500,Product,Nathan Oconnor,Lead,137.72
113,Felicia,Fox,feliciafox112789@slingacademy.com,Invalid Number,female,38,Web Developer,12,11000,Product,Felicia Fox,Lead,131.74
114,Nicole,Davis,nicoledavis113588@slingacademy.com,Invalid Number,female,26,Web Developer,1,5500,Product,Nicole Davis,System Engineer,65.87
115,Gregory,Kirk,gregorykirk114408@slingacademy.com,Invalid Number,male,39,Machine Learning Engineer,13,11500,Product,Gregory Kirk,Lead,137.72
116,Ashley,Carrillo,ashleycarrillo115726@slingacademy.com,001-097-500-5888,female,37,Tester,12,12000,Product,Ashley Carrillo,Lead,143.71
117,Brandon,White,brandonwhite116729@slingacademy.com,Invalid Number,male,31,Machine Learning Engineer,7,8500,Product,Brandon White,Senior Data Engineer,101.8
118,Joshua,Miles,joshuamiles117429@slingacademy.com,+1-810-231-0550,male,29,Web Developer,5,7500,Product,Joshua Miles,Data Engineer,89.82
119,Gabriel,Shannon,gabrielshannon118996@slingacademy.com,Invalid Number,male,33,DevOps Engineer,11,13500,Product,Gabriel Shannon,Lead,161.68
120,Charles,Chan,charleschan119980@slingacademy.com,077-570-4283,male,26,Machine Learning Engineer,2,7000,Product,Charles Chan,System Engineer,83.83
121,Stephanie,Hill,stephaniehill120240@slingacademy.com,Invalid Number,female,38,DevOps Engineer,15,15500,Product,Stephanie Hill,Lead,185.63
122,Brian,Kelly,briankelly121771@slingacademy.com,Invalid Number,male,38,DevOps Engineer,12,15000,Product,Brian Kelly,Lead,179.64
123,Susan,Lopez,susanlopez122522@slingacademy.com,573-472-7131,female,30,Machine Learning Engineer,8,9000,Product,Susan Lopez,Senior Data Engineer,107.78
124,Logan,Edwards,loganedwards123515@slingacademy.com,536.588.4331,male,36,Designer,14,16000,Product,Logan Edwards,Lead,191.62
125,Ryan,Young,ryanyoung124775@slingacademy.com,Invalid Number,male,36,DevOps Engineer,13,15500,Product,Ryan Young,Lead,185.63
126,Rebecca,Crawford,rebeccacrawford125111@slingacademy.com,Invalid Number,female,37,Web Developer,13,11500,Product,Rebecca Crawford,Lead,137.72
127,Leslie,Sullivan,lesliesullivan126504@slingacademy.com,Invalid Number,female,40,Tester,15,12500,Product,Leslie Sullivan,Lead,149.7
128,Andrew,Carey,andrewcarey127127@slingacademy.com,4267904671,male,24,DevOps Engineer,1,9500,Product,Andrew Carey,System Engineer,113.77
129,Richard,Sawyer,richardsawyer128529@slingacademy.com,(485)441-3528,male,30,Mobile Developer,8,11000,Product,Richard Sawyer,Senior Data Engineer,131.74
130,Garrett,Nguyen,garrettnguyen129713@slingacademy.com,Invalid Number,male,36,Machine Learning Engineer,13,11500,Product,Garrett Nguyen,Lead,137.72
131,Cody,Zuniga,codyzuniga130555@slingacademy.com,Invalid Number,male,35,DevOps Engineer,13,15500,Product,Cody Zuniga,Lead,185.63
132,James,Johnson,jamesjohnson131504@slingacademy.com,358.400.3210,male,31,Tester,9,9500,Product,James Johnson,Senior Data Engineer,113.77
133,Jamie,Ruiz,jamieruiz132870@slingacademy.com,Invalid Number,female,27,Tester,4,7000,Product,Jamie Ruiz,Data Engineer,83.83
134,Brandi,Evans,brandievans133450@slingacademy.com,Invalid Number,female,29,Tester,5,8500,Product,Brandi Evans,Data Engineer,101.8
135,Jennifer,Obrien,jenniferobrien134415@slingacademy.com,001-576-701-2547,female,40,Mobile Developer,14,12000,Product,Jennifer Obrien,Lead,143.71
136,Whitney,Espinoza,whitneyespinoza135280@slingacademy.com,Invalid Number,female,29,Machine Learning Engineer,7,11500,Product,Whitney Espinoza,Senior Data Engineer,137.72
137,Brandon,Rosario,brandonrosario136801@slingacademy.com,5804460236,male,26,Mobile Developer,4,8000,Product,Brandon Rosario,Data Engineer,95.81
138,Jennifer,Rhodes,jenniferrhodes137946@slingacademy.com,Invalid Number,female,29,Web Developer,4,8000,Product,Jennifer Rhodes,Data Engineer,95.81
139,Jordan,Michael,jordanmichael138385@slingacademy.com,(372)150-9511,female,27,Mobile Developer,3,7500,Product,Jordan Michael,Data Engineer,89.82
140,James,Knight,jamesknight139390@slingacademy.com,Invalid Number,male,26,Web Developer,3,8500,Product,James Knight,Data Engineer,101.8
141,Michelle,Ramirez,michelleramirez140449@slingacademy.com,Invalid Number,female,27,Machine Learning Engineer,3,8500,Product,Michelle Ramirez,Data Engineer,101.8
142,Peter,Mercado,petermercado141760@slingacademy.com,Invalid Number,male,33,Mobile Developer,11,12500,Product,Peter Mercado,Lead,149.7
143,Jason,George,jasongeorge142858@slingacademy.com,001-431-125-6069,male,25,Machine Learning Engineer,2,9000,Product,Jason George,System Engineer,107.78
144,John,Arroyo,johnarroyo143863@slingacademy.com,6849186207,male,31,Machine Learning Engineer,5,7500,Product,John Arroyo,Data Engineer,89.82
145,Ashley,Mccann,ashleymccann144440@slingacademy.com,Invalid Number,female,32,Web Developer,8,11000,Product,Ashley Mccann,Senior Data Engineer,131.74
146,John,Robinson,johnrobinson145915@slingacademy.com,(200)221-4696,male,31,DevOps Engineer,8,12000,Product,John Robinson,Senior Data Engineer,143.71
147,Michael,Clark,michaelclark146199@slingacademy.com,Invalid Number,male,32,Web Developer,6,8000,Product,Michael Clark,Senior Data Engineer,95.81
148,Julia,Howe,juliahowe147145@slingacademy.com,Invalid Number,female,33,Web Developer,8,9000,Product,Julia Howe,Senior Data Engineer,107.78
149,John,Roy,johnroy148826@slingacademy.com,Invalid Number,male,31,DevOps Engineer,9,11500,Product,John Roy,Senior Data Engineer,137.72
150,Paul,Nguyen,paulnguyen149760@slingacademy.com,Invalid Number,male,39,Mobile Developer,14,12000,Product,Paul Nguyen,Lead,143.71
151,Chelsea,Lewis,chelsealewis150888@slingacademy.com,Invalid Number,female,32,DevOps Engineer,10,13000,Product,Chelsea Lewis,Senior Data Engineer,155.69
152,Austin,Bell,austinbell151766@slingacademy.com,Invalid Number,male,40,DevOps Engineer,15,16500,Product,Austin Bell,Lead,197.6
153,Paul,Allen,paulallen152619@slingacademy.com,2104766565,male,28,Mobile Developer,2,8000,Product,Paul Allen,System Engineer,95.81
154,Gary,Oliver,garyoliver153551@slingacademy.com,001-307-413-8100,male,29,Mobile Developer,4,7000,Product,Gary Oliver,Data Engineer,83.83
155,Diana,Bowers,dianabowers154842@slingacademy.com,(472)461-2314,female,29,Web Developer,3,7500,Product,Diana Bowers,Data Engineer,89.82
156,Cody,Peters,codypeters155367@slingacademy.com,Invalid Number,male,39,Mobile Developer,15,13500,Product,Cody Peters,Lead,161.68
157,Cameron,Gonzalez,camerongonzalez156781@slingacademy.com,001-671-656-9205,male,35,DevOps Engineer,13,14500,Product,Cameron Gonzalez,Lead,173.65
158,Shelia,Benson,sheliabenson157744@slingacademy.com,Invalid Number,female,26,Mobile Developer,3,6500,Product,Shelia Benson,Data Engineer,77.84
159,Jacqueline,Brooks,jacquelinebrooks158463@slingacademy.com,803-716-9920,female,33,DevOps Engineer,10,14000,Product,Jacqueline Brooks,Senior Data Engineer,167.66
160,William,Turner,williamturner159974@slingacademy.com,611.777.0181,male,33,Web Developer,11,12500,Product,William Turner,Lead,149.7
161,Lisa,Logan,lisalogan160552@slingacademy.com,Invalid Number,female,37,Web Developer,15,12500,Product,Lisa Logan,Lead,149.7
162,Jeffery,Jones,jefferyjones161216@slingacademy.com,Invalid Number,male,37,Mobile Developer,12,12000,Product,Jeffery Jones,Lead,143.71
163,Scott,Li,scottli162771@slingacademy.com,Invalid Number,male,30,Mobile Developer,5,8500,Product,Scott Li,Data Engineer,101.8
164,Chad,Roberson,chadroberson163525@slingacademy.com,001-589-932-4079,male,34,Mobile Developer,8,11000,Product,Chad Roberson,Senior Data Engineer,131.74
165,Ariana,Hernandez,arianahernandez164467@slingacademy.com,502-552-5808,female,28,Web Developer,6,8000,Product,Ariana Hernandez,Senior Data Engineer,95.81
166,Wanda,Forbes,wandaforbes165141@slingacademy.com,Invalid Number,female,29,Mobile Developer,7,10500,Product,Wanda Forbes,Senior Data Engineer,125.75
167,Edwin,Cortez,edwincortez166250@slingacademy.com,Invalid Number,male,33,Web Developer,9,9500,Product,Edwin Cortez,Senior Data Engineer,113.77
168,Sharon,Smith,sharonsmith167760@slingacademy.com,Invalid Number,female,34,DevOps Engineer,8,11000,Product,Sharon Smith,Senior Data Engineer,131.74
169,Sherry,Oliver,sherryoliver168772@slingacademy.com,(104)702-6330,female,33,DevOps Engineer,7,11500,Product,Sherry Oliver,Senior Data Engineer,137.72
170,Eric,Moses,ericmoses169891@slingacademy.com,Invalid Number,male,36,Web Developer,12,12000,Product,Eric Moses,Lead,143.71
171,James,Ruiz,jamesruiz170534@slingacademy.com,Invalid Number,male,27,Mobile Developer,3,8500,Product,James Ruiz,Data Engineer,101.8
172,Julie,Barber,juliebarber171592@slingacademy.com,Invalid Number,female,27,DevOps Engineer,1,7500,Product,Julie Barber,System Engineer,89.82
173,Becky,Mcpherson,beckymcpherson172514@slingacademy.com,Invalid Number,female,28,Web Developer,5,7500,Product,Becky Mcpherson,Data Engineer,89.82
174,Nicole,Aguilar,nicoleaguilar173929@slingacademy.com,Invalid Number,female,26,Web Developer,1,7500,Product,Nicole Aguilar,System Engineer,89.82
175,Melissa,Lee,melissalee174832@slingacademy.com,262-107-4732,female,32,Mobile Developer,9,9500,Product,Melissa Lee,Senior Data Engineer,113.77
176,Ariana,Cochran,arianacochran175831@slingacademy.com,+1-248-824-7621,female,36,Web Developer,10,12000,Product,Ariana Cochran,Senior Data Engineer,143.71
177,Lisa,Carpenter,lisacarpenter176388@slingacademy.com,9008123667,female,32,Mobile Developer,9,9500,Product,Lisa Carpenter,Senior Data Engineer,113.77
178,Julie,Wilson,juliewilson177313@slingacademy.com,Invalid Number,female,28,Mobile Developer,4,7000,Product,Julie Wilson,Data Engineer,83.83
179,Martin,Crawford,martincrawford178513@slingacademy.com,Invalid Number,male,23,Mobile Developer,1,5500,Product,Martin Crawford,System Engineer,65.87
180,Daniel,Peterson,danielpeterson179804@slingacademy.com,Invalid Number,male,27,DevOps Engineer,5,10500,Product,Daniel Peterson,Data Engineer,125.75
181,Eric,Lambert,ericlambert180283@slingacademy.com,710-838-5229,male,36,Mobile Developer,10,10000,Product,Eric Lambert,Senior Data Engineer,119.76
182,Marcia,Huerta,marciahuerta181175@slingacademy.com,Invalid Number,female,32,Web Developer,6,8000,Product,Marcia Huerta,Senior Data Engineer,95.81
183,Jason,Ortiz,jasonortiz182754@slingacademy.com,Invalid Number,male,33,Mobile Developer,9,9500,Product,Jason Ortiz,Senior Data Engineer,113.77
184,Keith,Thomas,keiththomas183439@slingacademy.com,Invalid Number,male,28,Mobile Developer,5,9500,Product,Keith Thomas,Data Engineer,113.77
185,Sarah,Freeman,sarahfreeman184758@slingacademy.com,Invalid Number,female,32,DevOps Engineer,9,13500,Product,Sarah Freeman,Senior Data Engineer,161.68
186,Michael,Galvan,michaelgalvan185989@slingacademy.com,+1-122-284-2113,male,28,Web Developer,2,8000,Product,Michael Galvan,System Engineer,95.81
187,Michael,Warner,michaelwarner186194@slingacademy.com,790-287-4075,male,29,Mobile Developer,5,7500,Product,Michael Warner,Data Engineer,89.82
188,Larry,Thompson,larrythompson187420@slingacademy.com,Invalid Number,male,39,Web Developer,14,12000,Product,Larry Thompson,Lead,143.71
189,James,Miller,jamesmiller188412@slingacademy.com,Invalid Number,male,37,Mobile Developer,15,13500,Product,James Miller,Lead,161.68
190,James,Steele,jamessteele189191@slingacademy.com,Invalid Number,male,35,Web Developer,10,10000,Product,James Steele,Senior Data Engineer,119.76
191,Joseph,Beck,josephbeck190237@slingacademy.com,Invalid Number,male,35,Mobile Developer,11,12500,Product,Joseph Beck,Lead,149.7
192,Wayne,Cohen,waynecohen191993@slingacademy.com,Invalid Number,male,31,Web Developer,8,11000,Product,Wayne Cohen,Senior Data Engineer,131.74
193,Bailey,Reilly,baileyreilly192786@slingacademy.com,Invalid Number,female,26,Mobile Developer,1,5500,Product,Bailey Reilly,System Engineer,65.87
194,Yolanda,Smith,yolandasmith193826@slingacademy.com,Invalid Number,female,30,Mobile Developer,7,10500,Product,Yolanda Smith,Senior Data Engineer,125.75
195,Kathleen,Leblanc,kathleenleblanc194890@slingacademy.com,Invalid Number,female,29,Web Developer,4,9000,Product,Kathleen Leblanc,Data Engineer,107.78
196,Christina,Garza,christinagarza195263@slingacademy.com,273-987-3115,female,27,DevOps Engineer,4,9000,Product,Christina Garza,Data Engineer,107.78
197,Jennifer,Jarvis,jenniferjarvis196139@slingacademy.com,Invalid Number,female,28,Mobile Developer,6,9000,Product,Jennifer Jarvis,Senior Data Engineer,107.78
198,Jesse,Smith,jessesmith197279@slingacademy.com,Invalid Number,male,37,Web Developer,11,12500,Product,Jesse Smith,Lead,149.7
199,Melissa,Richardson,melissarichardson198110@slingacademy.com,Invalid Number,female,29,Mobile Developer,5,9500,Product,Melissa Richardson,Data Engineer,113.77
200,Michele,Stewart,michelestewart199951@slingacademy.com,944.042.1529,female,29,DevOps Engineer,7,12500,Product,Michele Stewart,Senior Data Engineer,149.7
201,Jeremy,Gilbert,jeremygilbert200282@slingacademy.com,Invalid Number,male,29,Mobile Developer,4,9000,Product,Jeremy Gilbert,Data Engineer,107.78
202,Kevin,Valentine,kevinvalentine201488@slingacademy.com,Invalid Number,male,33,Web Developer,10,11000,Product,Kevin Valentine,Senior Data Engineer,131.74
203,Suzanne,Hurst,suzannehurst202425@slingacademy.com,2176055492,female,26,Mobile Developer,3,7500,Product,Suzanne Hurst,Data Engineer,89.82
204,Janet,Stephens,janetstephens203449@slingacademy.com,696-753-3875,female,36,Web Developer,14,12000,Product,Janet Stephens,Lead,143.71
205,Michael,Hoover,michaelhoover204983@slingacademy.com,Invalid Number,male,38,DevOps Engineer,13,15500,Product,Michael Hoover,Lead,185.63
206,Terry,Jones,terryjones205228@slingacademy.com,Invalid Number,male,34,Web Developer,10,12000,Product,Terry Jones,Senior Data Engineer,143.71
207,Breanna,Love,breannalove206374@slingacademy.com,Invalid Number,female,26,Web Developer,2,8000,Product,Breanna Love,System Engineer,95.81
208,Elijah,Mcguire,elijahmcguire207166@slingacademy.com,Invalid Number,male,28,Web Developer,2,8000,Product,Elijah Mcguire,System Engineer,95.81
209,Paige,Bell,paigebell208379@slingacademy.com,Invalid Number,female,34,Mobile Developer,10,12000,Product,Paige Bell,Senior Data Engineer,143.71
210,Lauren,Logan,laurenlogan209754@slingacademy.com,001-449-766-2057,female,29,Web Developer,3,6500,Product,Lauren Logan,Data Engineer,77.84
211,Gary,Watson,garywatson210844@slingacademy.com,Invalid Number,male,35,Mobile Developer,12,12000,Product,Gary Watson,Lead,143.71
212,Andrea,Miller,andreamiller211593@slingacademy.com,(902)165-6805,female,38,Web Developer,13,13500,Product,Andrea Miller,Lead,161.68
213,Stephen,Anderson,stephenanderson212709@slingacademy.com,730-398-8945,male,29,Web Developer,6,10000,Product,Stephen Anderson,Senior Data Engineer,119.76
214,Erica,Montgomery,ericamontgomery213699@slingacademy.com,Invalid Number,female,26,Web Developer,2,8000,Product,Erica Montgomery,System Engineer,95.81
215,Mitchell,Olson,mitchellolson214954@slingacademy.com,Invalid Number,male,25,Mobile Developer,3,7500,Product,Mitchell Olson,Data Engineer,89.82
216,Brenda,Leonard,brendaleonard215112@slingacademy.com,Invalid Number,female,23,Mobile Developer,1,7500,Product,Brenda Leonard,System Engineer,89.82
217,Sandra,Scott,sandrascott216500@slingacademy.com,420.609.2090,female,28,Web Developer,5,8500,Product,Sandra Scott,Data Engineer,101.8
218,Terry,Jackson,terryjackson217122@slingacademy.com,Invalid Number,male,39,Web Developer,14,13000,Product,Terry Jackson,Lead,155.69
219,John,Palmer,johnpalmer218164@slingacademy.com,Invalid Number,male,37,Mobile Developer,14,14000,Product,John Palmer,Lead,167.66
220,Brenda,Tapia,brendatapia219999@slingacademy.com,989-757-9111,female,37,Web Developer,11,11500,Product,Brenda Tapia,Lead,137.72
221,Donald,Gordon,donaldgordon220327@slingacademy.com,004.508.2105,male,32,Mobile Developer,6,9000,Product,Donald Gordon,Senior Data Engineer,107.78
222,David,Long,davidlong221467@slingacademy.com,095.663.3357,male,33,Mobile Developer,11,11500,Product,David Long,Lead,137.72
223,Michael,Pratt,michaelpratt222638@slingacademy.com,001-149-139-6964,male,38,Mobile Developer,12,12000,Product,Michael Pratt,Lead,143.71
224,Jessica,West,jessicawest223110@slingacademy.com,Invalid Number,female,32,Mobile Developer,10,12000,Product,Jessica West,Senior Data Engineer,143.71
225,David,Jennings,davidjennings224703@slingacademy.com,Invalid Number,male,41,Web Developer,15,12500,Product,David Jennings,Lead,149.7
226,Alicia,Perry,aliciaperry225119@slingacademy.com,311-298-4100,female,27,Mobile Developer,1,7500,Product,Alicia Perry,System Engineer,89.82
227,Karen,Marsh,karenmarsh226577@slingacademy.com,Invalid Number,female,28,Web Developer,3,7500,Product,Karen Marsh,Data Engineer,89.82
228,Richard,Holder,richardholder227991@slingacademy.com,Invalid Number,male,35,Web Developer,10,11000,Product,Richard Holder,Senior Data Engineer,131.74
229,Ryan,Ponce,ryanponce228931@slingacademy.com,5497597305,male,33,Mobile Developer,7,9500,Product,Ryan Ponce,Senior Data Engineer,113.77
230,Eddie,Riley,eddieriley229421@slingacademy.com,+1-976-524-6785,male,25,Mobile Developer,1,7500,Product,Eddie Riley,System Engineer,89.82
231,Zachary,Scott,zacharyscott230288@slingacademy.com,Invalid Number,male,27,Mobile Developer,2,8000,Product,Zachary Scott,System Engineer,95.81
232,Kenneth,Nelson,kennethnelson231464@slingacademy.com,Invalid Number,male,32,Mobile Developer,8,10000,Product,Kenneth Nelson,Senior Data Engineer,119.76
233,Edgar,Lane,edgarlane232635@slingacademy.com,5537213761,male,28,Web Developer,6,10000,Product,Edgar Lane,Senior Data Engineer,119.76
234,Jeremy,Cox,jeremycox233206@slingacademy.com,Invalid Number,male,31,Web Developer,5,9500,Product,Jeremy Cox,Data Engineer,113.77
235,Rhonda,Hernandez,rhondahernandez234932@slingacademy.com,767-860-5296,female,37,Mobile Developer,15,14500,Product,Rhonda Hernandez,Lead,173.65
236,Ashley,Gilbert,ashleygilbert235162@slingacademy.com,Invalid Number,female,33,Mobile Developer,9,11500,Product,Ashley Gilbert,Senior Data Engineer,137.72
237,Shawn,Shaw,shawnshaw236298@slingacademy.com,919-763-5353,male,36,Mobile Developer,13,12500,Product,Shawn Shaw,Lead,149.7
238,Ryan,Davis,ryandavis237462@slingacademy.com,Invalid Number,male,29,Mobile Developer,3,8500,Product,Ryan Davis,Data Engineer,101.8
239,Kristin,Bradley,kristinbradley238626@slingacademy.com,(402)457-2111,female,34,Web Developer,12,11000,Product,Kristin Bradley,Lead,131.74
240,Christopher,Drake,christopherdrake239403@slingacademy.com,659-857-8858,male,31,Mobile Developer,9,9500,Product,Christopher Drake,Senior Data Engineer,113.77
241,Justin,Clark,justinclark240285@slingacademy.com,Invalid Number,male,30,Web Developer,8,11000,Product,Justin Clark,Senior Data Engineer,131.74
242,Scott,Owens,scottowens241483@slingacademy.com,Invalid Number,male,35,Web Developer,11,12500,Product,Scott Owens,Lead,149.7
243,Rebecca,Nelson,rebeccanelson242256@slingacademy.com,Invalid Number,female,23,Mobile Developer,1,7500,Product,Rebecca Nelson,System Engineer,89.82
244,Erin,Green,eringreen243810@slingacademy.com,Invalid Number,female,23,Web Developer,1,6500,Product,Erin Green,System Engineer,77.84
245,Paul,Page,paulpage244408@slingacademy.com,Invalid Number,male,26,Mobile Developer,1,5500,Product,Paul Page,System Engineer,65.87
246,Jamie,Ball,jamieball245345@slingacademy.com,001-521-608-0441,female,25,Mobile Developer,3,6500,Product,Jamie Ball,Data Engineer,77.84
247,Sonya,Williams,sonyawilliams246780@slingacademy.com,Invalid Number,female,30,Mobile Developer,4,7000,Product,Sonya Williams,Data Engineer,83.83
248,Leslie,Burton,leslieburton247488@slingacademy.com,279-096-0603,female,38,Web Developer,15,12500,Product,Leslie Burton,Lead,149.7
249,Daniel,Joseph,danieljoseph248143@slingacademy.com,Invalid Number,male,32,Web Developer,10,10000,Product,Daniel Joseph,Senior Data Engineer,119.76
250,Julie,Grimes,juliegrimes249118@slingacademy.com,671-825-5709,female,32,Web Developer,10,11000,Product,Julie Grimes,Senior Data Engineer,131.74
251,Michael,Davis,michaeldavis250373@slingacademy.com,Invalid Number,male,29,Mobile Developer,6,10000,Product,Michael Davis,Senior Data Engineer,119.76
252,Stephen,Hoover,stephenhoover251356@slingacademy.com,001-012-427-6550,male,29,Mobile Developer,6,8000,Product,Stephen Hoover,Senior Data Engineer,95.81
253,Damon,Sanders,damonsanders252816@slingacademy.com,0176247153,male,31,Web Developer,6,9000,Product,Damon Sanders,Senior Data Engineer,107.78
254,Adam,Pratt,adampratt253273@slingacademy.com,829.922.4683,male,37,Web Developer,14,14000,Product,Adam Pratt,Lead,167.66
255,Jesse,Gonzalez,jessegonzalez254731@slingacademy.com,853.691.9747,male,25,Web Developer,3,8500,Product,Jesse Gonzalez,Data Engineer,101.8
256,Debra,Cruz,debracruz255511@slingacademy.com,Invalid Number,female,36,Mobile Developer,13,13500,Product,Debra Cruz,Lead,161.68
257,Gregory,Smith,gregorysmith256470@slingacademy.com,Invalid Number,male,31,Mobile Developer,5,7500,Product,Gregory Smith,Data Engineer,89.82
258,Natasha,Cook,natashacook257144@slingacademy.com,975-551-0070,female,35,Web Developer,11,10500,Product,Natasha Cook,Lead,125.75
259,Robert,Weber,robertweber258728@slingacademy.com,Invalid Number,male,32,Mobile Developer,7,9500,Product,Robert Weber,Senior Data Engineer,113.77
260,Carly,Thompson,carlythompson259241@slingacademy.com,(850)197-6611,female,27,Web Developer,1,5500,Product,Carly Thompson,System Engineer,65.87
261,Maureen,Campbell,maureencampbell260229@slingacademy.com,168-469-7587,female,29,Mobile Developer,7,9500,Product,Maureen Campbell,Senior Data Engineer,113.77
262,Alex,Brown,alexbrown261949@slingacademy.com,Invalid Number,male,31,Web Developer,5,9500,Product,Alex Brown,Data Engineer,113.77
263,Breanna,Allen,breannaallen262722@slingacademy.com,Invalid Number,female,38,Mobile Developer,14,12000,Product,Breanna Allen,Lead,143.71
264,Michael,Pearson,michaelpearson263989@slingacademy.com,8006107617,male,30,Web Developer,4,7000,Product,Michael Pearson,Data Engineer,83.83
265,Cheryl,Lewis,cheryllewis264411@slingacademy.com,(806)267-8045,female,28,Web Developer,6,8000,Product,Cheryl Lewis,Senior Data Engineer,95.81
266,Megan,Brown,meganbrown265895@slingacademy.com,596-551-1329,female,23,Web Developer,1,6500,Product,Megan Brown,System Engineer,77.84
267,Linda,Haynes,lindahaynes266984@slingacademy.com,Invalid Number,female,29,Mobile Developer,7,8500,Product,Linda Haynes,Senior Data Engineer,101.8
268,Kathy,Palmer,kathypalmer267804@slingacademy.com,Invalid Number,female,36,Web Developer,12,11000,Product,Kathy Palmer,Lead,131.74
269,Tammy,Ball,tammyball268170@slingacademy.com,8439547062,female,23,Mobile Developer,1,5500,Product,Tammy Ball,System Engineer,65.87
270,Samuel,Reed,samuelreed269624@slingacademy.com,Invalid Number,male,34,Mobile Developer,8,10000,Product,Samuel Reed,Senior Data Engineer,119.76
271,Erik,Page,erikpage270609@slingacademy.com,+1-859-269-6655,male,32,Web Developer,9,10500,Product,Erik Page,Senior Data Engineer,125.75
272,Tristan,Price,tristanprice271230@slingacademy.com,001-369-038-1224,male,38,Mobile Developer,15,12500,Product,Tristan Price,Lead,149.7
273,Natalie,Skinner,natalieskinner272142@slingacademy.com,Invalid Number,female,34,Mobile Developer,12,12000,Product,Natalie Skinner,Lead,143.71
274,Nicole,Castro,nicolecastro273516@slingacademy.com,Invalid Number,female,34,Web Developer,9,10500,Product,Nicole Castro,Senior Data Engineer,125.75
275,Natasha,Hughes,natashahughes274687@slingacademy.com,Invalid Number,female,28,Mobile Developer,6,9000,Product,Natasha Hughes,Senior Data Engineer,107.78
276,Pamela,Herrera,pamelaherrera275422@slingacademy.com,Invalid Number,female,32,Web Developer,6,8000,Product,Pamela Herrera,Senior Data Engineer,95.81
277,Gary,Houston,garyhouston276947@slingacademy.com,Invalid Number,male,25,Mobile Developer,1,6500,Product,Gary Houston,System Engineer,77.84
278,Peter,Johnson,peterjohnson277327@slingacademy.com,Invalid Number,male,27,Mobile Developer,5,7500,Product,Peter Johnson,Data Engineer,89.82
279,April,Houston,aprilhouston278122@slingacademy.com,Invalid Number,female,27,Mobile Developer,3,6500,Product,April Houston,Data Engineer,77.84
280,Adam,Martinez,adammartinez279637@slingacademy.com,Invalid Number,male,35,Mobile Developer,9,11500,Product,Adam Martinez,Senior Data Engineer,137.72
281,William,Peters,williampeters280898@slingacademy.com,Invalid Number,male,30,Web Developer,7,8500,Product,William Peters,Senior Data Engineer,101.8
282,Meagan,Henderson,meaganhenderson281151@slingacademy.com,Invalid Number,female,30,Web Developer,8,9000,Product,Meagan Henderson,Senior Data Engineer,107.78
283,Charles,West,charleswest282127@slingacademy.com,Invalid Number,male,26,Web Developer,2,8000,Product,Charles West,System Engineer,95.81
284,Rebecca,Jackson,rebeccajackson283741@slingacademy.com,(112)301-1517,female,27,Mobile Developer,2,8000,Product,Rebecca Jackson,System Engineer,95.81
285,Alec,Maldonado,alecmaldonado284453@slingacademy.com,+1-484-025-5906,male,33,Mobile Developer,7,9500,Product,Alec Maldonado,Senior Data Engineer,113.77
286,Michele,Edwards,micheleedwards285969@slingacademy.com,4055420736,female,40,Web Developer,14,12000,Product,Michele Edwards,Lead,143.71
287,John,Hall,johnhall286107@slingacademy.com,Invalid Number,male,36,Web Developer,12,13000,Product,John Hall,Lead,155.69
288,Justin,Perry,justinperry287419@slingacademy.com,Invalid Number,male,41,Mobile Developer,15,14500,Product,Justin Perry,Lead,173.65
289,Lauren,Norton,laurennorton288284@slingacademy.com,Invalid Number,female,27,Web Developer,3,6500,Product,Lauren Norton,Data Engineer,77.84
290,Omar,Soto,omarsoto289950@slingacademy.com,Invalid Number,male,30,Web Developer,5,8500,Product,Omar Soto,Data Engineer,101.8
291,Michael,Howard,michaelhoward290216@slingacademy.com,6585788235,male,39,Web Developer,15,14500,Product,Michael Howard,Lead,173.65
292,Kathleen,Green,kathleengreen291790@slingacademy.com,Invalid Number,female,35,Mobile Developer,9,10500,Product,Kathleen Green,Senior Data Engineer,125.75
293,Kent,Thompson,kentthompson292193@slingacademy.com,Invalid Number,male,38,Web Developer,13,11500,Product,Kent Thompson,Lead,137.72
294,Benjamin,Wilson,benjaminwilson293449@slingacademy.com,Invalid Number,male,24,Mobile Developer,1,5500,Product,Benjamin Wilson,System Engineer,65.87
295,Steven,Vaughn,stevenvaughn294759@slingacademy.com,Invalid Number,male,32,Mobile Developer,10,11000,Product,Steven Vaughn,Senior Data Engineer,131.74
296,Michael,Tyler,michaeltyler295487@slingacademy.com,785-352-2310,male,33,Web Developer,11,10500,Product,Michael Tyler,Lead,125.75
297,Richard,Lin,richardlin296285@slingacademy.com,471-829-6568,male,28,Web Developer,6,10000,Product,Richard Lin,Senior Data Engineer,119.76
298,Jennifer,Williams,jenniferwilliams297896@slingacademy.com,Invalid Number,female,37,Web Developer,13,12500,Product,Jennifer Williams,Lead,149.7
299,Shelley,Hubbard,shelleyhubbard298845@slingacademy.com,Invalid Number,female,30,Web Developer,7,8500,Product,Shelley Hubbard,Senior Data Engineer,101.8
300,Sean,Choi,seanchoi299793@slingacademy.com,Invalid Number,male,28,Web Developer,2,7000,Product,Sean Choi,System Engineer,83.83
301,Marie,Gross,mariegross300870@slingacademy.com,Invalid Number,female,32,Web Developer,7,8500,Product,Marie Gross,Senior Data Engineer,101.8
302,Tracy,Leon,tracyleon301263@slingacademy.com,Invalid Number,female,32,Web Developer,8,11000,Product,Tracy Leon,Senior Data Engineer,131.74
303,Steven,Peterson,stevenpeterson302672@slingacademy.com,Invalid Number,male,35,Web Developer,12,11000,Product,Steven Peterson,Lead,131.74
304,Justin,Webster,justinwebster303292@slingacademy.com,001-990-293-4626,male,32,Web Developer,8,11000,Product,Justin Webster,Senior Data Engineer,131.74
305,Courtney,Stanley,courtneystanley304326@slingacademy.com,Invalid Number,female,28,Web Developer,4,7000,Product,Courtney Stanley,Data Engineer,83.83
306,Walter,Crawford,waltercrawford305879@slingacademy.com,(477)112-0518,male,34,Web Developer,12,12000,Product,Walter Crawford,Lead,143.71
307,Danielle,Sparks,daniellesparks306675@slingacademy.com,Invalid Number,female,26,Web Developer,2,8000,Product,Danielle Sparks,System Engineer,95.81
308,Cheryl,Rose,cherylrose307221@slingacademy.com,Invalid Number,female,26,Web Developer,4,7000,Product,Cheryl Rose,Data Engineer,83.83
309,Justin,Mann,justinmann308432@slingacademy.com,718-998-3978,male,25,Web Developer,3,7500,Product,Justin Mann,Data Engineer,89.82
310,Vanessa,Carter,vanessacarter309183@slingacademy.com,(620)811-3763,female,26,Web Developer,1,5500,Product,Vanessa Carter,System Engineer,65.87
311,Anthony,Colon,anthonycolon310698@slingacademy.com,Invalid Number,male,34,Web Developer,12,12000,Product,Anthony Colon,Lead,143.71
312,April,Holland,aprilholland311155@slingacademy.com,Invalid Number,female,37,Web Developer,15,14500,Product,April Holland,Lead,173.65
313,Bill,Anderson,billanderson312995@slingacademy.com,(202)724-9857,male,39,Web Developer,14,14000,Product,Bill Anderson,Lead,167.66
314,Kelsey,Moss,kelseymoss313481@slingacademy.com,206-016-2029,female,38,Web Developer,14,12000,Product,Kelsey Moss,Lead,143.71
315,Maureen,Phillips,maureenphillips314243@slingacademy.com,Invalid Number,female,26,Web Developer,2,7000,Product,Maureen Phillips,System Engineer,83.83
316,Michelle,Hooper,michellehooper315396@slingacademy.com,401.041.6802,female,29,Web Developer,4,9000,Product,Michelle Hooper,Data Engineer,107.78
317,Steven,Lewis,stevenlewis316274@slingacademy.com,Invalid Number,male,34,Web Developer,11,11500,Product,Steven Lewis,Lead,137.72
318,Kevin,Rodriguez,kevinrodriguez317974@slingacademy.com,Invalid Number,male,29,Web Developer,5,8500,Product,Kevin Rodriguez,Data Engineer,101.8
319,Alexandra,Bell,alexandrabell318109@slingacademy.com,Invalid Number,female,39,Web Developer,14,13000,Product,Alexandra Bell,Lead,155.69
320,Courtney,Mcdaniel,courtneymcdaniel319568@slingacademy.com,Invalid Number,female,28,Web Developer,3,8500,Product,Courtney Mcdaniel,Data Engineer,101.8
